,House,RequiredKcal,RequiredServings,Budget,IsServingBased,Adults,Children,LvlOfConcern
0,0,3416.995124704297,49.597499204915266,900,True,2,1,0.4016042792033309
1,1,4677.999424256592,52.883820724296314,600,True,2,1,0.4435786288157856
2,2,5542.527011672291,53.182714964281374,480,False,2,1,0.3667205888230547
3,3,6802.77254424746,58.382799233076895,300,False,2,2,0.33371936142375264
